,normal,fire,water,electric,grass,ice,fighting,poison,ground,flying,psychic,bug,rock,ghost,dragon,dark,steel,fairy
True Negative,428.0,524.0,450.0,558.0,538.0,557.0,565.0,482.0,508.0,509.0,497.0,551.0,532.0,585.0,567.0,568.0,579.0,575.0
False Positive,96.0,33.0,45.0,18.0,20.0,14.0,16.0,8.0,49.0,31.0,56.0,18.0,40.0,20.0,36.0,33.0,28.0,22.0
False Negative,31.0,27.0,75.0,29.0,23.0,38.0,22.0,117.0,39.0,31.0,50.0,31.0,30.0,7.0,8.0,11.0,7.0,7.0
True Positive,61.0,32.0,46.0,11.0,35.0,7.0,13.0,9.0,20.0,45.0,13.0,16.0,14.0,4.0,5.0,4.0,2.0,12.0
Accuracy,0.7938311688311688,0.9025974025974026,0.8051948051948052,0.9237012987012987,0.9301948051948052,0.9155844155844156,0.9383116883116883,0.797077922077922,0.8571428571428571,0.8993506493506493,0.827922077922078,0.9204545454545454,0.8863636363636364,0.9561688311688312,0.9285714285714286,0.9285714285714286,0.9431818181818182,0.952922077922078
Recall,0.6630434782608695,0.5423728813559322,0.38016528925619836,0.275,0.603448275862069,0.15555555555555556,0.37142857142857144,0.07142857142857142,0.3389830508474576,0.5921052631578947,0.20634920634920634,0.3404255319148936,0.3181818181818182,0.36363636363636365,0.38461538461538464,0.26666666666666666,0.2222222222222222,0.631578947368421
Precision,0.3885350318471338,0.49230769230769234,0.5054945054945055,0.3793103448275862,0.6363636363636364,0.3333333333333333,0.4482758620689655,0.5294117647058824,0.2898550724637681,0.5921052631578947,0.18840579710144928,0.47058823529411764,0.25925925925925924,0.16666666666666666,0.12195121951219512,0.10810810810810811,0.06666666666666667,0.35294117647058826
F1_score,0.48995983935742976,0.5161290322580645,0.43396226415094336,0.3188405797101449,0.6194690265486726,0.21212121212121213,0.40625,0.12587412587412586,0.31250000000000006,0.5921052631578947,0.196969696969697,0.39506172839506176,0.2857142857142857,0.2285714285714286,0.18518518518518517,0.15384615384615385,0.10256410256410256,0.45283018867924524
